Date,Description,Amount,Type,Category
2026-01-01,UBER G98GEY,45.18,Expense,Travel
2026-01-01,THAMES WATER 6T4UFE,759.15,Expense,Utilities
2026-01-01,APPLE.COM/BILL ZJN4,262.91,Expense,Entertainment
2026-01-01,BP PETROL 0RJI,411.52,Expense,Travel
2026-01-01,APPLE 6T4UFE,378.71,Expense,Entertainment
2026-01-01,BOOTS MAN OH9SDB,81.85,Expense,Shopping
2026-01-01,AMZN MKTP LPYS28,451.67,Expense,Shopping
2026-01-01,SUPERDRUG 0RJI,326.66,Expense,Shopping
2026-01-01,APPLE.COM/BILL 58DR,58.63,Expense,Entertainment
2026-01-01,APPLE LPYS28,90.37,Expense,Entertainment
2026-01-01,HOLLAND BARRETT 2B9IQ,367.01,Expense,Health & Fitness
2026-01-01,SPOTIFY AB ZJN4,121.43,Expense,Entertainment
2026-01-01,PARKING MAN 2B9IQ,577.6,Expense,Travel
2026-01-01,MCDONALDS NEW,323.18,Expense,Food & Drink
2026-01-01,VODAFONE ZJN4,707.16,Expense,Utilities
2026-01-01,SEVERN TRENT 2B9IQ,257.51,Expense,Utilities
2026-01-01,sto payment/ZJN4,106.75,Expense,Rent
2026-01-01,OCTOPUS ENERGY 0RJI,352.49,Expense,Utilities
2026-01-01,BOOTS G98GEY,389.06,Expense,Health & Fitness
2026-01-01,SO RENT 0RJI,305.72,Expense,Rent
2026-01-01,NETFLIX.COM IXA11,115.63,Expense,Entertainment
2026-01-01,card* payment netfli LPYS28,388.08,Expense,Entertainment
2026-01-01,THAMES WATER 87WX,598.71,Expense,Utilities
2026-01-01,SUPERDRUG OH9SDB,329.79,Expense,Shopping
2026-01-01,payment amazo OH9SDB,103.83,Expense,Shopping
2026-01-01,NETFLIX.COM 6T4UFE,49.62,Expense,Entertainment
2026-01-01,UNITE STUDENTS G98GEY,524.6,Expense,Rent
2026-01-01,TESCO METRO 87WX,148.2,Expense,Food & Drink
2026-01-01,PRIMARK LEE,110.05,Expense,Shopping
2026-01-01,payment amazo IXA11,156.5,Expense,Shopping
2026-01-01,NCP LIV,393.68,Expense,Travel
2026-01-01,THAMES WATER IXA11,771.46,Expense,Utilities
2026-01-01,NATIONAL RAIL G98GEY,488.52,Expense,Travel
2026-01-01,TRAINLINE 58DR,405.25,Expense,Travel
2026-01-01,SHELL NEW LPYS28,258.3,Expense,Travel
2026-01-01,LANDLORD ZJN4,352.55,Expense,Rent
2026-01-01,BT BROADBAND LPYS28,130.25,Expense,Utilities
2026-01-01,STANDING ORDER RENT,301.98,Expense,Rent
2026-01-01,THAMES WATER LPYS28,22.23,Expense,Utilities
2026-01-01,TFL* LPYS28,375.72,Expense,Travel
2026-01-01,TFL* 0RJI,388.14,Expense,Travel
2026-01-01,STARBUCKS* ZJN4,771.09,Expense,Food & Drink
2026-01-01,AMAZON LPYS28,636.89,Expense,Shopping
2026-01-01,VIRGIN MEDIA 87WX,119.85,Expense,Utilities
2026-01-01,PUREGYM BHM 2B9IQ,81.18,Expense,Health & Fitness
2026-01-01,VIRGIN MEDIA 58DR,502.72,Expense,Utilities
2026-01-01,PURE GYM OH9SDB,643.75,Expense,Health & Fitness
2026-01-01,NOW TV 6T4UFE,79.85,Expense,Entertainment
2026-01-01,POS COSTA COFFEE LPYS28,64.42,Expense,Food & Drink
2026-01-01,UBR* BRS IXA11,141.22,Expense,Travel
2026-01-01,NOW TV OH9SDB,483.92,Expense,Entertainment
2026-01-01,COSTA* OH9SDB BRS,679.66,Expense,Food & Drink
2026-01-01,BRITISH GAS OH9SDB,563.81,Expense,Utilities
2026-01-01,SAINSBURYS IXA11,254.65,Expense,Food & Drink
2026-01-01,PRET* LDN,211.48,Expense,Food & Drink
2026-01-01,HEADSPACE 2B9IQ,581.26,Expense,Health & Fitness
2026-01-01,OCTOPUS ENERGY 58DR,249.8,Expense,Utilities
2026-01-01,TRAINLINE 0RJI,628.76,Expense,Travel
2026-01-01,AMAZON OH9SDB,537.59,Expense,Shopping
2026-01-01,PURE GYM IXA11,157.72,Expense,Health & Fitness
2026-01-01,pos txn costa coffee 0RJI,768.72,Expense,Food & Drink
2026-01-01,NOW TV 0RJI,101.38,Expense,Entertainment
2026-01-01,STANDING ORDER RENT,305.66,Expense,Rent
2026-01-01,MCD* 2B9IQ,589.93,Expense,Food & Drink
2026-01-01,BOOTS 87WX,121.11,Expense,Health & Fitness
2026-01-01,BT GROUP 0RJI,253.1,Expense,Utilities
2026-01-01,AMZN MKTP LPYS28,642.88,Expense,Shopping
2026-01-01,STARBUCKS LDN 87WX,173.65,Expense,Food & Drink
2026-01-01,UBER OH9SDB,437.86,Expense,Travel
2026-01-01,CALM 58DR,76.38,Expense,Health & Fitness
2026-01-01,ODEON LIV OH9SDB,58.12,Expense,Entertainment
2026-01-01,STARBUCKS MAN 2B9IQ,574.39,Expense,Food & Drink
2026-01-01,PRIMARK MAN,788.94,Expense,Shopping
2026-01-01,TESCO METRO 58DR,759.46,Expense,Food & Drink
2026-01-01,sto payment/OH9SDB,73.01,Expense,Rent
2026-01-01,BOOTS PHARMACY IXA11,9.27,Expense,Health & Fitness
2026-01-01,THREE 58DR,345.52,Expense,Utilities
2026-01-01,DAVID LLOYD LPYS28,781.63,Expense,Health & Fitness
2026-01-01,TRAINLINE 2B9IQ,292.66,Expense,Travel
2026-01-01,TWITCH 0RJI,106.06,Expense,Entertainment
2026-01-01,ASOS 6T4UFE,232.6,Expense,Shopping
2026-01-01,ASOS LPYS28,460.75,Expense,Shopping
2026-01-01,HEADSPACE 87WX,513.91,Expense,Health & Fitness
2026-01-01,AMAZON IXA11,474.34,Expense,Shopping
2026-01-01,EASYJET 0RJI,667.54,Expense,Travel
2026-01-01,NUFFIELD HEALTH 0RJI,704.01,Expense,Health & Fitness
2026-01-01,SAINSBURYS 58DR,397.77,Expense,Food & Drink
2026-01-01,ODEON BHM LPYS28,692.21,Expense,Entertainment
2026-01-01,GREGGS,319.64,Expense,Food & Drink
2026-01-01,MCD* 58DR,415.43,Expense,Food & Drink
2026-01-01,HEADSPACE LPYS28,55.49,Expense,Health & Fitness
2026-01-01,APPLE.COM/BILL 87WX,97.99,Expense,Entertainment
2026-01-01,TESCO METRO 6T4UFE,516.41,Expense,Food & Drink
2026-01-01,CALM G98GEY,306.44,Expense,Health & Fitness
2026-01-01,JUST-EAT* 87WX,450.9,Expense,Food & Drink
2026-01-01,O2 6T4UFE,746.12,Expense,Utilities
2026-01-01,PUREGYM BRS OH9SDB,136.34,Expense,Health & Fitness
2026-01-01,EBAY ZJN4,11.18,Expense,Shopping
2026-01-01,NEXT BRS 58DR,715.85,Expense,Shopping
2026-01-01,PARKING LDN 58DR,258.97,Expense,Travel
2026-01-01,RENT PAYMENT,142.47,Expense,Rent
2026-01-01,UBER* TRIP NEW,171.3,Expense,Travel
2026-01-01,HEADSPACE 0RJI,770.91,Expense,Health & Fitness
2026-01-01,SPOTIFY AB 58DR,396.22,Expense,Entertainment
2026-01-01,NANDOS LIV,595.76,Expense,Food & Drink
2026-01-01,LANDLORD LPYS28,644.89,Expense,Rent
2026-01-01,pos txn costa coffee LPYS28,301.22,Expense,Food & Drink
2026-01-01,TFL TRAVEL 0RJI,665.72,Expense,Travel
2026-01-01,RYANAIR 0RJI,453.2,Expense,Travel
2026-01-01,PRET A MANGER 87WX,418.1,Expense,Food & Drink
2026-01-01,AMZN MKTP 6T4UFE,424.27,Expense,Shopping
2026-01-01,STO RENT PMT,652.1,Expense,Rent
2026-01-01,JUST EAT ZJN4,67.97,Expense,Food & Drink
2026-01-01,SHELL LIV G98GEY,669.88,Expense,Travel
2026-01-01,BT BROADBAND G98GEY,310.63,Expense,Utilities
2026-01-01,NEXT LIV 58DR,651.19,Expense,Shopping
2026-01-01,SPOTIFY AB 0RJI,410.48,Expense,Entertainment
2026-01-01,BRITISH GAS ZJN4,148.29,Expense,Utilities
2026-01-01,NETFLIX LPYS28,392.41,Expense,Entertainment
2026-01-01,BP PETROL 6T4UFE,131.53,Expense,Travel
2026-01-01,RENT PAYMENT,739.0,Expense,Rent
2026-01-01,TWITCH ZJN4,141.28,Expense,Entertainment
2026-01-01,AMZN MKTP OH9SDB,474.87,Expense,Shopping
2026-01-01,NHS PRESCRIPTION OH9SDB,422.1,Expense,Health & Fitness
2026-01-01,NOW TV G98GEY,575.72,Expense,Entertainment
2026-01-01,MCD* OH9SDB,571.85,Expense,Food & Drink
2026-01-01,NUFFIELD HEALTH 6T4UFE,722.48,Expense,Health & Fitness
2026-01-01,fps rent to landlord,320.54,Expense,Rent
2026-01-01,NHS PRESCRIPTION 0RJI,370.63,Expense,Health & Fitness
2026-01-01,TESCO METRO 87WX,257.6,Expense,Food & Drink
2026-01-01,UBR* BHM OH9SDB,511.15,Expense,Travel
2026-01-01,DAVID LLOYD IXA11,687.08,Expense,Health & Fitness
2026-01-01,SAINSBURYS 6T4UFE,90.3,Expense,Food & Drink
2026-01-01,BANK TRF 0RJI RENT,374.47,Expense,Rent
2026-01-01,THREE 6T4UFE,779.81,Expense,Utilities
2026-01-01,MCD* ZJN4,525.93,Expense,Food & Drink
2026-01-01,ARGOS OH9SDB,218.34,Expense,Shopping
2026-01-01,STANDING ORDER RENT,439.12,Expense,Rent
2026-01-01,AMZN MKTP G98GEY,649.91,Expense,Shopping
2026-01-01,SHELL BRS 6T4UFE,515.42,Expense,Travel
2026-01-01,PRET A MANGER IXA11,112.05,Expense,Food & Drink
2026-01-01,JUST EAT 6T4UFE,87.55,Expense,Food & Drink
2026-01-01,H&M MAN ZJN4,98.48,Expense,Shopping
2026-01-01,CALM ZJN4,787.52,Expense,Health & Fitness
2026-01-01,SKY BROADBAND 58DR,422.76,Expense,Utilities
2026-01-01,DISNEY+ 6T4UFE,740.05,Expense,Entertainment
2026-01-01,THAMES WATER G98GEY,740.66,Expense,Utilities
2026-01-01,payment amazo 0RJI,341.76,Expense,Shopping
2026-01-01,CARD PAYMENT AMAZON ZJN4,396.89,Expense,Shopping
2026-01-01,COSTA COFFEE,114.93,Expense,Food & Drink
2026-01-01,ASOS* LPYS28,795.84,Expense,Shopping
2026-01-01,PRIMARK MAN,765.99,Expense,Shopping
2026-01-01,SO RENT OH9SDB,27.64,Expense,Rent
2026-01-01,payment amazo IXA11,252.97,Expense,Shopping
2026-01-01,DELIVEROO* 87WX,717.09,Expense,Food & Drink
2026-01-01,SUPERDRUG 6T4UFE,427.25,Expense,Shopping
2026-01-01,SPOTIFY AB IXA11,145.06,Expense,Entertainment
2026-01-01,GREGGS,161.86,Expense,Food & Drink
2026-01-01,RYANAIR 87WX,224.81,Expense,Travel
2026-01-01,SPOTIFY 87WX,665.18,Expense,Entertainment
2026-01-01,APPLE.COM/BILL 2B9IQ,596.23,Expense,Entertainment
2026-01-01,VUE CINEMA LIV ZJN4,638.71,Expense,Entertainment
2026-01-01,LANDLORD OH9SDB,537.55,Expense,Rent
2026-01-01,ASOS* G98GEY,143.73,Expense,Shopping
2026-01-01,O2 6T4UFE,9.51,Expense,Utilities
2026-01-01,SPOTIFY G98GEY,648.6,Expense,Entertainment
2026-01-01,rent oh2B9IQ landlord,639.07,Expense,Rent
2026-01-01,THREE 0RJI,357.61,Expense,Utilities
2026-01-01,NETFLIX.COM IXA11,631.39,Expense,Entertainment
2026-01-01,NETFLIX 2B9IQ,185.81,Expense,Entertainment
2026-01-01,ANYTIME FITNESS IXA11,697.33,Expense,Health & Fitness
2026-01-01,EDF ENERGY 0RJI,22.84,Expense,Utilities
2026-01-01,CARD PAYMENT AMAZON 87WX,587.06,Expense,Shopping
2026-01-01,VUE CINEMA LDN 6T4UFE,347.91,Expense,Entertainment
2026-01-01,CALM IXA11,13.35,Expense,Health & Fitness
2026-01-01,RYANAIR 58DR,483.72,Expense,Travel
2026-01-01,SUPERDRUG G98GEY,351.85,Expense,Shopping
2026-01-01,BOOTS OH9SDB,633.6,Expense,Health & Fitness
2026-01-01,THAMES WATER 6T4UFE,397.46,Expense,Utilities
2026-01-01,SO RENT 58DR,386.65,Expense,Rent
2026-01-01,BOOTS LIV OH9SDB,727.14,Expense,Shopping
2026-01-01,STUDENT ACCOMMODATION 58DR,223.78,Expense,Rent
2026-01-01,PARKING BHM ZJN4,298.75,Expense,Travel
2026-01-01,UBER ZJN4,533.91,Expense,Travel
2026-01-01,CALM LPYS28,744.29,Expense,Health & Fitness
2026-01-01,BT GROUP 87WX,421.5,Expense,Utilities
2026-01-01,rent payment IXA11,590.77,Expense,Rent
2026-01-01,JUST EAT 58DR,119.7,Expense,Food & Drink
2026-01-01,SAINSBURYS G98GEY,446.19,Expense,Food & Drink
2026-01-01,GREGGS BHM G98GEY,354.98,Expense,Food & Drink
2026-01-01,EE G98GEY,12.76,Expense,Utilities
2026-01-01,NETFLIX IXA11,553.34,Expense,Entertainment
2026-01-01,SEVERN TRENT ZJN4,38.32,Expense,Utilities
2026-01-01,SKY BROADBAND 87WX,39.27,Expense,Utilities
2026-01-01,TWITCH 0RJI,544.61,Expense,Entertainment
2026-01-01,NHS PRESCRIPTION 0RJI,414.96,Expense,Health & Fitness
2026-01-01,PARKING BRS ZJN4,146.35,Expense,Travel
2026-01-01,SAINSBURYS LOCAL,628.23,Expense,Food & Drink
2026-01-01,MCD* G98GEY,340.31,Expense,Food & Drink
2026-01-01,JUST EAT IXA11,620.14,Expense,Food & Drink
2026-01-01,MCD* LPYS28,338.6,Expense,Food & Drink
2026-01-01,PARKING LDN 58DR,78.28,Expense,Travel
2026-01-01,NEXT NEW 6T4UFE,458.22,Expense,Shopping
2026-01-01,PUREGYM MAN G98GEY,234.58,Expense,Health & Fitness
2026-01-01,SAINSBURYS 87WX,469.31,Expense,Food & Drink
2026-01-01,pos txn costa coffee 6T4UFE,624.25,Expense,Food & Drink
2026-01-01,PUREGYM LDN G98GEY,482.86,Expense,Health & Fitness
2026-01-01,SKY BROADBAND IXA11,632.17,Expense,Utilities
2026-01-01,NCP LIV,637.73,Expense,Travel
2026-01-01,BT GROUP 0RJI,268.8,Expense,Utilities
2026-01-01,ODEON BRS 2B9IQ,735.94,Expense,Entertainment
2026-01-01,PURE GYM 0RJI,391.69,Expense,Health & Fitness
2026-01-01,EBAY 87WX,772.85,Expense,Shopping
2026-01-01,STUDENT ACCOMMODATION 58DR,276.75,Expense,Rent
2026-01-01,SHELL LDN ZJN4,439.34,Expense,Travel
2026-01-01,fps rent to landlord,711.07,Expense,Rent
2026-01-01,sto payment/87WX,12.28,Expense,Rent
2026-01-01,COSTA COFFEE,554.74,Expense,Food & Drink
2026-01-01,LANDLORD 87WX,159.89,Expense,Rent
2026-01-01,VUE CINEMA BHM OH9SDB,367.27,Expense,Entertainment
2026-01-01,BRITISH GAS 6T4UFE,7.94,Expense,Utilities
2026-01-01,VIRGIN MEDIA 87WX,186.93,Expense,Utilities
2026-01-01,DELIVEROO 6T4UFE,711.53,Expense,Food & Drink
2026-01-01,COSTA COFFEE,24.85,Expense,Food & Drink
2026-01-01,STARBUCKS NEW LPYS28,412.08,Expense,Food & Drink
2026-01-01,SPOTIFY AB OH9SDB,649.19,Expense,Entertainment
2026-01-01,AMZN MKTP OH9SDB,601.16,Expense,Shopping
2026-01-01,ASOS* LPYS28,97.5,Expense,Shopping
2026-01-01,HEADSPACE 87WX,166.81,Expense,Health & Fitness
2026-01-01,NETFLIX.COM G98GEY,175.82,Expense,Entertainment
2026-01-01,NUFFIELD HEALTH 0RJI,611.0,Expense,Health & Fitness
2026-01-01,SHELL LDN 2B9IQ,94.6,Expense,Travel
2026-01-01,STO RENT PMT,759.15,Expense,Rent
2026-01-01,SKY BROADBAND G98GEY,463.77,Expense,Utilities
2026-01-01,GREGGS,750.3,Expense,Food & Drink
2026-01-01,THREE ZJN4,122.22,Expense,Utilities
2026-01-01,ARGOS 0RJI,293.55,Expense,Shopping
2026-01-01,COSTA COFFEE,530.41,Expense,Food & Drink
2026-01-01,POS COSTA COFFEE LPYS28,363.34,Expense,Food & Drink
2026-01-01,BG LPYS28,715.86,Expense,Utilities
2026-01-01,PRIMARK NEW,449.48,Expense,Shopping
2026-01-01,BANK TRF G98GEY RENT,577.25,Expense,Rent
2026-01-01,HOLLAND BARRETT LPYS28,255.77,Expense,Health & Fitness
2026-01-01,NOW TV 0RJI,131.47,Expense,Entertainment
2026-01-01,JUST EAT 87WX,678.75,Expense,Food & Drink
2026-01-01,TWITCH IXA11,213.59,Expense,Entertainment
2026-01-01,AMZN MKTP UK* IXA11,434.7,Expense,Shopping
2026-01-01,BT BROADBAND 0RJI,373.46,Expense,Utilities
2026-01-01,PURE GYM G98GEY,496.22,Expense,Health & Fitness
2026-01-01,EBAY* G98GEY,508.29,Expense,Shopping
2026-01-01,PARKING LIV 0RJI,361.29,Expense,Travel
2026-01-01,HEADSPACE LPYS28,421.83,Expense,Health & Fitness
2026-01-01,NOW TV 0RJI,36.76,Expense,Entertainment
2026-01-01,SPOTIFY AB 58DR,421.62,Expense,Entertainment
2026-01-01,STARBUCKS LEE 0RJI,460.96,Expense,Food & Drink
2026-01-01,BT GROUP 58DR,674.7,Expense,Utilities
2026-01-01,AMAZON 0RJI,482.33,Expense,Shopping
2026-01-01,AMAZON G98GEY,140.98,Expense,Shopping
2026-01-01,SPOTIFY 0RJI,73.86,Expense,Entertainment
2026-01-01,PARKING LEE 6T4UFE,85.41,Expense,Travel
2026-01-01,CALM 6T4UFE,663.8,Expense,Health & Fitness
2026-01-01,EE LPYS28,715.77,Expense,Utilities
2026-01-01,BP PETROL 87WX,265.53,Expense,Travel
2026-01-01,JUST-EAT* 0RJI,578.0,Expense,Food & Drink
2026-01-01,STEAM GAMES 6T4UFE,562.95,Expense,Entertainment
2026-01-01,DELIVEROO G98GEY,627.28,Expense,Food & Drink
2026-01-01,HEADSPACE 2B9IQ,728.06,Expense,Health & Fitness
2026-01-01,UBER OH9SDB,286.64,Expense,Travel
2026-01-01,ASOS* 6T4UFE,40.3,Expense,Shopping
2026-01-01,TESCO METRO 87WX,576.14,Expense,Food & Drink
2026-01-01,EE OH9SDB,567.39,Expense,Utilities
2026-01-01,NCP LEE,799.6,Expense,Travel
2026-01-01,UBR* BRS 6T4UFE,193.47,Expense,Travel
2026-01-01,THREE 87WX,108.24,Expense,Utilities
2026-01-01,EBAY* LPYS28,494.29,Expense,Shopping
2026-01-01,pos txn costa coffee LPYS28,310.83,Expense,Food & Drink
2026-01-01,BOOTS 0RJI,437.25,Expense,Health & Fitness
2026-01-01,SKY BROADBAND 6T4UFE,275.41,Expense,Utilities
2026-01-01,RENT PAYMENT,497.4,Expense,Rent
2026-01-01,PUREGYM LDN 58DR,155.8,Expense,Health & Fitness
2026-01-01,SUPERDRUG 58DR,707.31,Expense,Shopping
2026-01-01,EASYJET 87WX,344.65,Expense,Travel
2026-01-01,AMAZON G98GEY,295.08,Expense,Shopping
2026-01-01,ANYTIME FITNESS LPYS28,728.9,Expense,Health & Fitness
2026-01-01,STEAM GAMES 2B9IQ,79.0,Expense,Entertainment
2026-01-01,EBAY* LPYS28,468.98,Expense,Shopping
2026-01-01,BANK TRF 87WX RENT,753.84,Expense,Rent
2026-01-01,UBER LPYS28,145.02,Expense,Travel
2026-01-01,VUE CINEMA LDN IXA11,525.0,Expense,Entertainment
2026-01-01,STANDING ORDER RENT,122.24,Expense,Rent
2026-01-01,BOOTS PHARMACY ZJN4,114.78,Expense,Health & Fitness
2026-01-01,THREE G98GEY,485.15,Expense,Utilities
2026-01-01,ASOS* 87WX,102.64,Expense,Shopping
2026-01-01,rent payment G98GEY,416.9,Expense,Rent
2026-01-01,COSTA COFFEE,665.78,Expense,Food & Drink
2026-01-01,ASOS 2B9IQ,48.46,Expense,Shopping
2026-01-01,UBER ZJN4,420.78,Expense,Travel
2026-01-01,BOOTS 0RJI,405.39,Expense,Health & Fitness
2026-01-01,VIRGIN MEDIA 2B9IQ,780.61,Expense,Utilities
2026-01-01,NATIONAL RAIL 87WX,769.29,Expense,Travel
2026-01-01,rent oh2B9IQ landlord,300.57,Expense,Rent
2026-01-01,O2 LPYS28,477.28,Expense,Utilities
2026-01-01,THAMES WATER 58DR,435.44,Expense,Utilities
2026-01-01,RYANAIR IXA11,149.56,Expense,Travel
2026-01-01,VUE CINEMA BRS 6T4UFE,312.44,Expense,Entertainment
2026-01-01,PURE GYM 0RJI,531.27,Expense,Health & Fitness
2026-01-01,SPOTIFY 2B9IQ,436.6,Expense,Entertainment
2026-01-01,PARKING BHM 0RJI,766.8,Expense,Travel
2026-01-01,SPOTIFY OH9SDB,83.11,Expense,Entertainment
2026-01-01,DISNEY+ 87WX,252.55,Expense,Entertainment
2026-01-01,SHELL NEW 58DR,783.63,Expense,Travel
2026-01-01,UBER BV 58DR,413.16,Expense,Travel
2026-01-01,BRITISH GAS 58DR,725.32,Expense,Utilities
2026-01-01,HEADSPACE LPYS28,11.58,Expense,Health & Fitness
2026-01-01,UBER 2B9IQ,621.41,Expense,Travel
2026-01-01,STO RENT PMT,558.26,Expense,Rent
2026-01-01,BT BROADBAND G98GEY,170.05,Expense,Utilities
2026-01-01,BOOTS 0RJI,597.13,Expense,Health & Fitness
2026-01-01,card* payment netfli 0RJI,467.76,Expense,Entertainment
2026-01-01,HOLLAND BARRETT IXA11,588.29,Expense,Health & Fitness
2026-01-01,TFL TRAVEL 58DR,490.77,Expense,Travel
2026-01-01,PARKING MAN IXA11,666.53,Expense,Travel
2026-01-01,TWITCH ZJN4,382.46,Expense,Entertainment
2026-01-01,card* payment netfli 6T4UFE,341.28,Expense,Entertainment
2026-01-01,DELIVEROO ZJN4,612.89,Expense,Food & Drink
2026-01-01,NCP NEW,47.66,Expense,Travel
2026-01-01,CALM LPYS28,263.28,Expense,Health & Fitness
2026-01-01,APPLE 0RJI,162.15,Expense,Entertainment
2026-01-01,NHS PRESCRIPTION LPYS28,686.04,Expense,Health & Fitness
2026-01-01,JUST EAT 87WX,494.01,Expense,Food & Drink
2026-01-01,TWITCH OH9SDB,755.72,Expense,Entertainment
2026-01-01,SUBWAY MAN OH9SDB,541.89,Expense,Food & Drink
2026-01-01,OCTOPUS ENERGY 2B9IQ,269.28,Expense,Utilities
2026-01-01,UBR* BHM LPYS28,298.57,Expense,Travel
2026-01-01,STANDING ORDER RENT,647.85,Expense,Rent
2026-01-01,STO RENT PMT,551.69,Expense,Rent
2026-01-01,payment amazo ZJN4,687.3,Expense,Shopping
2026-01-01,EBAY ZJN4,352.06,Expense,Shopping
2026-01-01,rent payment 58DR,735.92,Expense,Rent
2026-01-01,EBAY IXA11,776.3,Expense,Shopping
2026-01-01,UBER LPYS28,30.22,Expense,Travel
2026-01-01,UBR* LEE 0RJI,52.72,Expense,Travel
2026-01-01,SKY BROADBAND 87WX,771.94,Expense,Utilities
2026-01-01,DISNEY+ G98GEY,523.84,Expense,Entertainment
2026-01-01,ASOS* OH9SDB,651.0,Expense,Shopping
2026-01-01,SHELL BRS 0RJI,565.68,Expense,Travel
2026-01-01,STEAM GAMES OH9SDB,7.2,Expense,Entertainment
2026-01-01,NCP LDN,90.17,Expense,Travel
2026-01-01,card* payment netfli 6T4UFE,26.47,Expense,Entertainment
2026-01-01,TESCO EXPRESS,65.81,Expense,Food & Drink
2026-01-01,rent ohG98GEY landlord,32.38,Expense,Rent
2026-01-01,ASOS* G98GEY,746.5,Expense,Shopping
2026-01-01,AMZN MKTP G98GEY,322.46,Expense,Shopping
2026-01-01,TESCO METRO 0RJI,315.51,Expense,Food & Drink
2026-01-01,RENT PAYMENT,214.44,Expense,Rent
2026-01-01,VUE CINEMA NEW G98GEY,131.54,Expense,Entertainment
2026-01-01,NEXT NEW ZJN4,134.66,Expense,Shopping
2026-01-01,fps rent to landlord,540.2,Expense,Rent
2026-01-01,NHS PRESCRIPTION ZJN4,229.67,Expense,Health & Fitness
2026-01-01,BP PETROL IXA11,781.56,Expense,Travel
2026-01-01,RENT PAYMENT,65.44,Expense,Rent
2026-01-01,BOOTS OH9SDB,392.11,Expense,Health & Fitness
2026-01-01,HOLLAND BARRETT LPYS28,25.25,Expense,Health & Fitness
2026-01-01,JUST EAT 58DR,54.72,Expense,Food & Drink
2026-01-01,PARKING BRS 6T4UFE,262.23,Expense,Travel
2026-01-01,SPOTIFY G98GEY,635.26,Expense,Entertainment
2026-01-01,HEADSPACE 87WX,743.5,Expense,Health & Fitness
2026-01-01,SKY BROADBAND 0RJI,170.5,Expense,Utilities
2026-01-01,NUFFIELD HEALTH 6T4UFE,147.63,Expense,Health & Fitness
2026-01-01,SO RENT IXA11,479.63,Expense,Rent
2026-01-01,SO RENT 87WX,399.84,Expense,Rent
2026-01-01,SUBWAY LDN 2B9IQ,202.05,Expense,Food & Drink
2026-01-01,PURE GYM G98GEY,67.68,Expense,Health & Fitness
2026-01-01,DELIVEROO 87WX,385.26,Expense,Food & Drink
2026-01-01,NETFLIX OH9SDB,631.76,Expense,Entertainment
2026-01-01,O2 87WX,194.66,Expense,Utilities
2026-01-01,BP PETROL 87WX,318.93,Expense,Travel
2026-01-01,GREGGS BHM 87WX,151.58,Expense,Food & Drink
2026-01-01,NANDOS BRS,588.96,Expense,Food & Drink
2026-01-01,NUFFIELD HEALTH 6T4UFE,540.54,Expense,Health & Fitness
2026-01-01,PURE GYM OH9SDB,636.91,Expense,Health & Fitness
2026-01-01,STARBUCKS LDN LPYS28,379.16,Expense,Food & Drink
2026-01-01,UNITE STUDENTS OH9SDB,581.73,Expense,Rent
2026-01-01,STUDENT ACCOMMODATION 2B9IQ,576.75,Expense,Rent
2026-01-01,NETFLIX.COM 87WX,793.47,Expense,Entertainment
2026-01-01,ANYTIME FITNESS ZJN4,684.69,Expense,Health & Fitness
2026-01-01,SUPERDRUG 58DR,230.58,Expense,Shopping
2026-01-01,BT GROUP IXA11,85.84,Expense,Utilities
2026-01-01,BOOTS BHM ZJN4,359.1,Expense,Shopping
2026-01-01,BOOTS PHARMACY 2B9IQ,383.02,Expense,Health & Fitness
2026-01-01,PRIMARK LIV,706.25,Expense,Shopping
2026-01-01,SAINSBURYS LOCAL,249.24,Expense,Food & Drink
2026-01-01,O2 58DR,294.59,Expense,Utilities
2026-01-01,ASOS* 0RJI,599.8,Expense,Shopping
2026-01-01,STARBUCKS* ZJN4,297.89,Expense,Food & Drink
2026-01-01,APPLE.COM/BILL IXA11,496.71,Expense,Entertainment
2026-01-01,EBAY OH9SDB,425.02,Expense,Shopping
2026-01-01,DELIVEROO OH9SDB,389.63,Expense,Food & Drink
2026-01-01,TRAINLINE ZJN4,465.58,Expense,Travel
2026-01-01,AMAZON 87WX,585.34,Expense,Shopping
2026-01-01,ANYTIME FITNESS LPYS28,350.78,Expense,Health & Fitness
2026-01-01,APPLE 0RJI,603.31,Expense,Entertainment
2026-01-01,STEAM GAMES 2B9IQ,305.75,Expense,Entertainment
2026-01-01,UBR* LIV OH9SDB,506.1,Expense,Travel
2026-01-01,NUFFIELD HEALTH OH9SDB,632.58,Expense,Health & Fitness
2026-01-01,rent payment LPYS28,4.71,Expense,Rent
2026-01-01,BRITISH GAS 58DR,229.03,Expense,Utilities
2026-01-01,TRAINLINE 58DR,250.1,Expense,Travel
2026-01-01,THAMES WATER OH9SDB,739.48,Expense,Utilities
2026-01-01,PUREGYM BHM ZJN4,602.05,Expense,Health & Fitness
2026-01-01,STANDING ORDER RENT,361.3,Expense,Rent
2026-01-01,bank trf 6T4UFE,240.51,Expense,Rent
2026-01-01,STANDING ORDER RENT,451.11,Expense,Rent
2026-01-01,BOOTS PHARMACY 6T4UFE,614.38,Expense,Health & Fitness
2026-01-01,BT GROUP IXA11,513.51,Expense,Utilities
2026-01-01,PUREGYM LEE OH9SDB,642.38,Expense,Health & Fitness
2026-01-01,JUST EAT 2B9IQ,541.37,Expense,Food & Drink
2026-01-01,O2 0RJI,445.44,Expense,Utilities
2026-01-01,NATIONAL RAIL OH9SDB,479.12,Expense,Travel
2026-01-01,BANK TRF 6T4UFE RENT,545.53,Expense,Rent
2026-01-01,RYANAIR LPYS28,306.45,Expense,Travel
2026-01-01,APPLE.COM/BILL 58DR,728.63,Expense,Entertainment
2026-01-01,UBR* MAN IXA11,771.38,Expense,Travel
2026-01-01,bank transfer rent,762.09,Expense,Rent
2026-01-01,STEAM GAMES LPYS28,311.57,Expense,Entertainment
2026-01-01,card* payment netfli LPYS28,561.75,Expense,Entertainment
2026-01-01,BOOTS 58DR,64.45,Expense,Health & Fitness
2026-01-01,UNITE STUDENTS 58DR,564.36,Expense,Rent
2026-01-01,PARKING LDN IXA11,149.8,Expense,Travel
2026-01-01,BRITISH GAS OH9SDB,388.82,Expense,Utilities
2026-01-01,NUFFIELD HEALTH IXA11,451.03,Expense,Health & Fitness
2026-01-01,EBAY OH9SDB,651.64,Expense,Shopping
2026-01-01,sto payment/0RJI,88.95,Expense,Rent
2026-01-01,BG OH9SDB,294.56,Expense,Utilities
2026-01-01,UBR* NEW ZJN4,3.06,Expense,Travel
2026-01-01,UNITE STUDENTS ZJN4,103.39,Expense,Rent
2026-01-01,CALM 58DR,783.75,Expense,Health & Fitness
2026-01-01,BRITISH GAS 58DR,791.51,Expense,Utilities
2026-01-01,TESCO EXPRESS,743.07,Expense,Food & Drink
2026-01-01,UBER OH9SDB,269.35,Expense,Travel
2026-01-01,BANK TRF OH9SDB RENT,302.54,Expense,Rent
2026-01-01,DAVID LLOYD LPYS28,780.52,Expense,Health & Fitness
2026-01-01,RYANAIR 87WX,749.16,Expense,Travel
2026-01-01,STARBUCKS* 2B9IQ,721.67,Expense,Food & Drink
2026-01-01,NATIONAL RAIL ZJN4,86.96,Expense,Travel
2026-01-01,LANDLORD 87WX,6.59,Expense,Rent
2026-01-01,HOLLAND BARRETT 87WX,310.88,Expense,Health & Fitness
2026-01-01,CARD PAYMENT AMAZON 0RJI,276.34,Expense,Shopping
2026-01-01,PUREGYM LIV 2B9IQ,82.08,Expense,Health & Fitness
2026-01-01,STO RENT PMT,451.16,Expense,Rent
2026-01-01,UNITE STUDENTS 87WX,783.56,Expense,Rent
2026-01-01,BT BROADBAND 58DR,595.19,Expense,Utilities
2026-01-01,NANDOS BHM,3.62,Expense,Food & Drink
2026-01-01,PUREGYM LEE IXA11,102.3,Expense,Health & Fitness
2026-01-01,DELIVEROO* ZJN4,770.81,Expense,Food & Drink
2026-01-01,STANDING ORDER RENT,26.08,Expense,Rent
2026-01-01,TFL* LPYS28,207.09,Expense,Travel
2026-01-01,AMZN MKTP UK* OH9SDB,678.72,Expense,Shopping
2026-01-01,TWITCH 6T4UFE,607.94,Expense,Entertainment
2026-01-01,ANYTIME FITNESS 6T4UFE,143.39,Expense,Health & Fitness
2026-01-01,BT BROADBAND 2B9IQ,404.7,Expense,Utilities
2026-01-01,STEAM GAMES 0RJI,398.22,Expense,Entertainment
2026-01-01,MCDONALDS LEE,598.3,Expense,Food & Drink
2026-01-01,NATIONAL RAIL ZJN4,221.29,Expense,Travel
2026-01-01,rent payment G98GEY,160.58,Expense,Rent
2026-01-01,PUREGYM MAN 2B9IQ,258.65,Expense,Health & Fitness
2026-01-01,BANK TRF ZJN4 RENT,285.68,Expense,Rent
2026-01-01,EBAY LPYS28,8.18,Expense,Shopping
2026-01-01,BT GROUP LPYS28,344.53,Expense,Utilities
2026-01-01,AMZN MKTP LPYS28,734.11,Expense,Shopping
2026-01-01,RENT PAYMENT,256.25,Expense,Rent
2026-01-01,PARKING MAN LPYS28,692.85,Expense,Travel
2026-01-01,rent oh0RJI landlord,268.42,Expense,Rent
2026-01-01,VODAFONE LPYS28,594.75,Expense,Utilities
2026-01-01,BANK TRF IXA11 RENT,363.21,Expense,Rent
2026-01-01,ANYTIME FITNESS 58DR,707.75,Expense,Health & Fitness
2026-01-01,ARGOS G98GEY,188.64,Expense,Shopping
2026-01-01,NUFFIELD HEALTH LPYS28,101.32,Expense,Health & Fitness
2026-01-01,SPOTIFY IXA11,651.47,Expense,Entertainment
2026-01-01,PUREGYM BRS 6T4UFE,347.7,Expense,Health & Fitness
2026-01-01,SAINSBURYS LOCAL,606.86,Expense,Food & Drink
2026-01-01,EASYJET 0RJI,28.88,Expense,Travel
2026-01-01,fps rent to landlord,529.67,Expense,Rent
2026-01-01,LANDLORD 58DR,251.72,Expense,Rent
2026-01-01,card* payment netfli G98GEY,169.76,Expense,Entertainment
2026-01-01,RYANAIR 0RJI,402.33,Expense,Travel
2026-01-01,card* payment netfli 58DR,187.37,Expense,Entertainment
2026-01-01,LANDLORD 87WX,332.73,Expense,Rent
2026-01-01,NATIONAL RAIL LPYS28,28.85,Expense,Travel
2026-01-01,STANDING ORDER RENT,118.78,Expense,Rent
2026-01-01,BOOTS PHARMACY IXA11,655.94,Expense,Health & Fitness
2026-01-01,VIRGIN MEDIA ZJN4,469.06,Expense,Utilities
2026-01-01,bank transfer rent,179.56,Expense,Rent
2026-01-01,STO RENT PMT,456.27,Expense,Rent
2026-01-01,BOOTS OH9SDB,370.38,Expense,Health & Fitness
2026-01-01,EASYJET LPYS28,62.95,Expense,Travel
2026-01-01,EE 6T4UFE,218.48,Expense,Utilities
2026-01-01,NETFLIX.COM 6T4UFE,413.05,Expense,Entertainment
2026-01-01,STUDENT ACCOMMODATION LPYS28,361.21,Expense,Rent
2026-01-01,ODEON NEW 58DR,515.86,Expense,Entertainment
2026-01-01,PARKING NEW ZJN4,206.58,Expense,Travel
2026-01-01,BP PETROL 2B9IQ,749.78,Expense,Travel
2026-01-01,THREE 2B9IQ,765.02,Expense,Utilities
2026-01-01,GREGGS,524.58,Expense,Food & Drink
2026-01-01,UBER* TRIP LIV,186.75,Expense,Travel
2026-01-01,ASOS* ZJN4,26.64,Expense,Shopping
2026-01-01,VUE CINEMA NEW IXA11,587.45,Expense,Entertainment
2026-01-01,bank trf ZJN4,233.14,Expense,Rent
2026-01-01,UBER IXA11,161.08,Expense,Travel
2026-01-01,DELIVEROO* ZJN4,659.78,Expense,Food & Drink
2026-01-01,SPOTIFY AB ZJN4,630.52,Expense,Entertainment
2026-01-01,SPOTIFY AB 6T4UFE,535.49,Expense,Entertainment
2026-01-01,ASOS 0RJI,692.46,Expense,Shopping
2026-01-01,ARGOS 58DR,30.03,Expense,Shopping
2026-01-01,rent payment IXA11,473.47,Expense,Rent
2026-01-01,UBER 58DR,272.06,Expense,Travel
2026-01-01,TFL* LPYS28,166.52,Expense,Travel
2026-01-01,AMZN MKTP IXA11,534.35,Expense,Shopping
2026-01-01,BANK TRF G98GEY RENT,6.62,Expense,Rent
2026-01-01,H&M LIV 2B9IQ,555.14,Expense,Shopping
2026-01-01,STANDING ORDER RENT,784.06,Expense,Rent
2026-01-01,PUREGYM BHM 2B9IQ,401.08,Expense,Health & Fitness
2026-01-01,UBER BV 2B9IQ,81.68,Expense,Travel
2026-01-01,bank trf 2B9IQ,536.25,Expense,Rent
2026-01-01,EDF ENERGY 2B9IQ,530.66,Expense,Utilities
2026-01-01,BRITISH GAS 2B9IQ,248.18,Expense,Utilities
2026-01-01,EBAY* ZJN4,13.09,Expense,Shopping
2026-01-01,HOLLAND BARRETT 87WX,212.17,Expense,Health & Fitness
2026-01-01,EDF ENERGY G98GEY,375.13,Expense,Utilities
2026-01-01,NUFFIELD HEALTH 0RJI,55.43,Expense,Health & Fitness
2026-01-01,O2 IXA11,89.13,Expense,Utilities
2026-01-01,card* payment netfli 87WX,593.6,Expense,Entertainment
2026-01-01,BOOTS PHARMACY G98GEY,417.91,Expense,Health & Fitness
2026-01-01,SEVERN TRENT ZJN4,420.88,Expense,Utilities
2026-01-01,ASOS ZJN4,797.66,Expense,Shopping
2026-01-01,rent payment LPYS28,176.15,Expense,Rent
2026-01-01,BANK TRF IXA11 RENT,172.29,Expense,Rent
2026-01-01,NCP MAN,394.92,Expense,Travel
2026-01-01,ASOS* G98GEY,571.4,Expense,Shopping
2026-01-01,BOOTS PHARMACY ZJN4,276.87,Expense,Health & Fitness
2026-01-01,card* payment netfli 0RJI,704.98,Expense,Entertainment
2026-01-01,H&M MAN ZJN4,167.38,Expense,Shopping
2026-01-01,EE 58DR,689.08,Expense,Utilities
2026-01-01,DISNEY+ 0RJI,418.97,Expense,Entertainment
2026-01-01,SO RENT G98GEY,213.76,Expense,Rent
2026-01-01,BOOTS 87WX,181.69,Expense,Health & Fitness
2026-01-01,NOW TV LPYS28,550.51,Expense,Entertainment
2026-01-01,BOOTS LDN LPYS28,350.41,Expense,Shopping
2026-01-01,PRIMARK MAN,69.47,Expense,Shopping
2026-01-01,SPOTIFY AB G98GEY,133.41,Expense,Entertainment
2026-01-01,DISNEY+ G98GEY,90.27,Expense,Entertainment
2026-01-01,ARGOS LPYS28,420.18,Expense,Shopping
2026-01-01,HEADSPACE 2B9IQ,55.37,Expense,Health & Fitness
2026-01-01,EE IXA11,117.64,Expense,Utilities
2026-01-01,STO RENT PMT,349.68,Expense,Rent
2026-01-01,DISNEY+ 2B9IQ,68.91,Expense,Entertainment
2026-01-01,EE 58DR,84.86,Expense,Utilities
2026-01-01,NUFFIELD HEALTH 0RJI,403.07,Expense,Health & Fitness
2026-01-01,ANYTIME FITNESS OH9SDB,209.98,Expense,Health & Fitness
2026-01-01,DAVID LLOYD ZJN4,165.21,Expense,Health & Fitness
2026-01-01,EDF ENERGY 2B9IQ,245.31,Expense,Utilities
2026-01-01,EDF ENERGY 0RJI,693.86,Expense,Utilities
2026-01-01,MCD* LPYS28,114.12,Expense,Food & Drink
2026-01-01,BOOTS MAN 6T4UFE,137.86,Expense,Shopping
2026-01-01,TFL* 58DR,121.84,Expense,Travel
2026-01-01,BT BROADBAND 87WX,760.52,Expense,Utilities
2026-01-01,POS COSTA COFFEE 0RJI,178.75,Expense,Food & Drink
2026-01-01,EDF ENERGY 87WX,246.41,Expense,Utilities
2026-01-01,NATIONAL RAIL IXA11,562.34,Expense,Travel
2026-01-01,BRITISH GAS 6T4UFE,474.8,Expense,Utilities
2026-01-01,SEVERN TRENT 6T4UFE,799.05,Expense,Utilities
2026-01-01,BOOTS OH9SDB,587.48,Expense,Health & Fitness
2026-01-01,pos txn costa coffee 58DR,739.99,Expense,Food & Drink
2026-01-01,SKY BROADBAND 0RJI,605.78,Expense,Utilities
2026-01-01,H&M BHM LPYS28,107.76,Expense,Shopping
2026-01-01,EDF ENERGY LPYS28,738.44,Expense,Utilities
2026-01-01,STANDING ORDER RENT,727.18,Expense,Rent
2026-01-01,BT BROADBAND 2B9IQ,437.1,Expense,Utilities
2026-01-01,PURE GYM 0RJI,599.88,Expense,Health & Fitness
2026-01-01,PRIMARK NEW,646.39,Expense,Shopping
2026-01-01,VUE CINEMA BHM ZJN4,506.39,Expense,Entertainment
2026-01-01,NETFLIX 2B9IQ,373.31,Expense,Entertainment
2026-01-01,OCTOPUS ENERGY 2B9IQ,408.54,Expense,Utilities
2026-01-01,ASOS 6T4UFE,129.49,Expense,Shopping
2026-01-01,POS COSTA COFFEE 87WX,765.38,Expense,Food & Drink
2026-01-01,HEADSPACE 6T4UFE,609.85,Expense,Health & Fitness
2026-01-01,BT GROUP 6T4UFE,30.72,Expense,Utilities
2026-01-01,TESCO METRO LPYS28,176.43,Expense,Food & Drink
2026-01-01,VIRGIN MEDIA G98GEY,156.94,Expense,Utilities
2026-01-01,fps rent to landlord,607.47,Expense,Rent
2026-01-01,O2 LPYS28,577.19,Expense,Utilities
2026-01-01,GREGGS LEE G98GEY,251.28,Expense,Food & Drink
2026-01-01,STARBUCKS* IXA11,724.66,Expense,Food & Drink
2026-01-01,BOOTS BRS LPYS28,691.61,Expense,Shopping
2026-01-01,TRAINLINE ZJN4,507.64,Expense,Travel
2026-01-01,STARBUCKS BRS 6T4UFE,540.71,Expense,Food & Drink
2026-01-01,CALM OH9SDB,508.63,Expense,Health & Fitness
2026-01-01,ARGOS IXA11,600.22,Expense,Shopping
2026-01-01,RENT PAYMENT,56.71,Expense,Rent
2026-01-01,NETFLIX OH9SDB,578.16,Expense,Entertainment
2026-01-01,EBAY* 0RJI,713.98,Expense,Shopping
2026-01-01,rent payment 6T4UFE,34.15,Expense,Rent
2026-01-01,STEAM GAMES ZJN4,535.71,Expense,Entertainment
2026-01-01,OCTOPUS ENERGY 2B9IQ,544.49,Expense,Utilities
2026-01-01,UNITE STUDENTS 87WX,260.48,Expense,Rent
2026-01-01,UBR* LIV ZJN4,615.13,Expense,Travel
2026-01-01,MCDONALDS LDN,481.95,Expense,Food & Drink
2026-01-01,fps rent to landlord,128.19,Expense,Rent
2026-01-01,NATIONAL RAIL 0RJI,23.07,Expense,Travel
2026-01-01,CALM LPYS28,487.62,Expense,Health & Fitness
2026-01-01,VIRGIN MEDIA IXA11,715.27,Expense,Utilities
2026-01-01,GREGGS MAN G98GEY,746.49,Expense,Food & Drink
2026-01-01,COSTA* G98GEY MAN,664.53,Expense,Food & Drink
2026-01-01,NATIONAL RAIL OH9SDB,372.86,Expense,Travel
2026-01-01,POS COSTA COFFEE IXA11,377.85,Expense,Food & Drink
2026-01-01,LANDLORD OH9SDB,695.91,Expense,Rent
2026-01-01,ODEON NEW 0RJI,516.14,Expense,Entertainment
2026-01-01,TFL TRAVEL 87WX,699.62,Expense,Travel
2026-01-01,ARGOS 0RJI,741.75,Expense,Shopping
2026-01-01,COSTA COFFEE,96.78,Expense,Food & Drink
2026-01-01,ODEON MAN 87WX,78.96,Expense,Entertainment
2026-01-01,EBAY* IXA11,53.73,Expense,Shopping
2026-01-01,ASOS* 0RJI,638.62,Expense,Shopping
2026-01-01,SO RENT OH9SDB,670.13,Expense,Rent
2026-01-01,SO RENT OH9SDB,361.45,Expense,Rent
2026-01-01,NUFFIELD HEALTH IXA11,183.38,Expense,Health & Fitness
2026-01-01,CARD PAYMENT AMAZON 58DR,205.74,Expense,Shopping
2026-01-01,EBAY* 58DR,163.77,Expense,Shopping
2026-01-01,BP PETROL OH9SDB,204.35,Expense,Travel
2026-01-01,BG G98GEY,521.61,Expense,Utilities
2026-01-01,sto payment/IXA11,290.25,Expense,Rent
2026-01-01,BANK TRF 87WX RENT,254.16,Expense,Rent
2026-01-01,TFL* 0RJI,428.99,Expense,Travel
2026-01-01,THAMES WATER OH9SDB,64.47,Expense,Utilities
2026-01-01,NETFLIX 0RJI,358.88,Expense,Entertainment
2026-01-01,NANDOS BRS,429.01,Expense,Food & Drink
2026-01-01,HOLLAND BARRETT 0RJI,630.55,Expense,Health & Fitness
2026-01-01,THREE 87WX,721.44,Expense,Utilities
2026-01-01,POS COSTA COFFEE 0RJI,347.08,Expense,Food & Drink
2026-01-01,NEXT NEW LPYS28,426.68,Expense,Shopping
2026-01-01,SAINSBURYS LOCAL,275.57,Expense,Food & Drink
2026-01-01,SKY BROADBAND 6T4UFE,563.41,Expense,Utilities
2026-01-01,rent ohIXA11 landlord,719.67,Expense,Rent
2026-01-01,bank trf 0RJI,349.28,Expense,Rent
2026-01-01,SPOTIFY ZJN4,506.43,Expense,Entertainment
2026-01-01,SUBWAY BRS 6T4UFE,256.17,Expense,Food & Drink
2026-01-01,NETFLIX 6T4UFE,13.02,Expense,Entertainment
2026-01-01,O2 87WX,759.22,Expense,Utilities
2026-01-01,NETFLIX 0RJI,242.64,Expense,Entertainment
2026-01-01,CARD PAYMENT AMAZON 0RJI,775.39,Expense,Shopping
2026-01-01,MCDONALDS BHM,204.32,Expense,Food & Drink
2026-01-01,STEAM GAMES 87WX,788.12,Expense,Entertainment
2026-01-01,HOLLAND BARRETT IXA11,266.13,Expense,Health & Fitness
2026-01-01,DISNEY+ 87WX,99.77,Expense,Entertainment
2026-01-01,H&M NEW ZJN4,579.98,Expense,Shopping
2026-01-01,EASYJET 58DR,673.47,Expense,Travel
2026-01-01,CALM 6T4UFE,667.31,Expense,Health & Fitness
2026-01-01,HEADSPACE 87WX,149.03,Expense,Health & Fitness
2026-01-01,rent payment G98GEY,510.24,Expense,Rent
2026-01-01,NHS PRESCRIPTION 87WX,238.44,Expense,Health & Fitness
2026-01-01,OCTOPUS ENERGY OH9SDB,614.05,Expense,Utilities
2026-01-01,payment amazo 87WX,283.45,Expense,Shopping
2026-01-01,BRITISH GAS 0RJI,245.79,Expense,Utilities
2026-01-01,EDF ENERGY 0RJI,505.71,Expense,Utilities
2026-01-01,BP PETROL IXA11,466.39,Expense,Travel
2026-01-01,RENT PAYMENT,588.53,Expense,Rent
2026-01-01,VIRGIN MEDIA ZJN4,351.45,Expense,Utilities
2026-01-01,PRET* LDN,358.26,Expense,Food & Drink
2026-01-01,UNITE STUDENTS 87WX,317.54,Expense,Rent
2026-01-01,OCTOPUS ENERGY 2B9IQ,364.86,Expense,Utilities
2026-01-01,H&M MAN 58DR,124.16,Expense,Shopping
2026-01-01,MCD* 6T4UFE,396.28,Expense,Food & Drink
2026-01-01,SPOTIFY AB 87WX,628.35,Expense,Entertainment
2026-01-01,LANDLORD 2B9IQ,652.1,Expense,Rent
2026-01-01,UBER 6T4UFE,389.37,Expense,Travel
2026-01-01,PRIMARK LDN,487.42,Expense,Shopping
2026-01-01,NATIONAL RAIL 6T4UFE,369.79,Expense,Travel
2026-01-01,SPOTIFY AB IXA11,210.75,Expense,Entertainment
2026-01-01,LANDLORD 0RJI,385.33,Expense,Rent
2026-01-01,RENT PAYMENT,399.94,Expense,Rent
2026-01-01,TWITCH 6T4UFE,727.24,Expense,Entertainment
2026-01-01,STEAM GAMES 58DR,377.57,Expense,Entertainment
2026-01-01,PUREGYM LIV 2B9IQ,662.31,Expense,Health & Fitness
2026-01-01,PARKING BHM OH9SDB,440.91,Expense,Travel
2026-01-01,NHS PRESCRIPTION ZJN4,654.82,Expense,Health & Fitness
2026-01-01,GREGGS,367.67,Expense,Food & Drink
2026-01-01,APPLE.COM/BILL 2B9IQ,355.95,Expense,Entertainment
2026-01-01,PRET A MANGER LPYS28,554.6,Expense,Food & Drink
2026-01-01,LANDLORD G98GEY,110.3,Expense,Rent
2026-01-01,card* payment netfli 2B9IQ,676.96,Expense,Entertainment
2026-01-01,payment amazo OH9SDB,184.01,Expense,Shopping
2026-01-01,STANDING ORDER RENT,235.4,Expense,Rent
2026-01-01,UBER* TRIP NEW,547.87,Expense,Travel
2026-01-01,NHS PRESCRIPTION 2B9IQ,531.83,Expense,Health & Fitness
2026-01-01,PRET* BRS,761.87,Expense,Food & Drink
2026-01-01,DELIVEROO IXA11,375.36,Expense,Food & Drink
2026-01-01,EASYJET 6T4UFE,520.4,Expense,Travel
2026-01-01,ASOS* OH9SDB,206.9,Expense,Shopping
2026-01-01,fps rent to landlord,501.85,Expense,Rent
2026-01-01,BP PETROL G98GEY,109.22,Expense,Travel
